{
    "AWSEBDockerrunVersion": 2,
    "volumes": [
        {
            "name": "laravel-app",
            "host": {
                "sourcePath": "/var/app/current/laravel-app/public"
            }
        },
        {
            "name": "php-ini",
            "host": {
                "sourcePath": "/var/app/current/php-fpm/php7.3.ini"
            }
        },
        {
          "name": "nginx-proxy-conf",
          "host": {
            "sourcePath": "/var/app/current/proxy/conf.d"
          }
        }
      ],
    "containerDefinitions": [
        {
            "name": "laravel-app",
            "image": "568975345534.dkr.ecr.ap-northeast-1.amazonaws.com/php-fpm:latest",
            "essential": true,
            "memory": 128,
            "mountPoints": [
                {
                    "sourceVolume": "laravel-app",
                    "containerPath": "/var/www"
                },
                {
                    "sourceVolume": "php-ini",
                    "containerPath": "/usr/local/etc/php/php.ini"
                }
            ]
        },
        {
            "name": "nginx",
            "image": "568975345534.dkr.ecr.ap-northeast-1.amazonaws.com/nginx:latest",
            "essential": true,
            "memory": 128,
            "mountPoints": [
                {
                    "sourceVolume": "laravel-app",
                    "containerPath": "/var/www"
                },
                {
                  "sourceVolume": "nginx-proxy-conf",
                  "containerPath": "/etc/nginx/conf.d",
                  "readOnly": true
                }
            ],
            "links": [
                "laravel-app"
            ],
            "portMappings": [{
                "hostPort": 80,
                "containerPort": 80
            }]
        }
    ]
}
